Workbook

Sheet Sayfa1
A1: Ürün Kodu | B1: Ürün Adı | C1: Ürün Fiyatı | F1: Firma Adı | G1: İskonto | I1: Ürün Kodu | J1: Ürün Fiyatı | M1: Firma Adı | N1: İskonto
A2: T100 | B2: TV | C2: 550 | F2: Gima | G2: 0.12 | I2: K150 | J2: =VLOOKUP(I2,A1:C7,3,0) -> 20 | M2: Carrefour | N2: =VLOOKUP(M2,F1:G5,2,0) -> 0.14
A3: D200 | B3: Dolap | C3: 800 | F3: Migros | G3: 0.08
A4: M150 | B4: Masa | C4: 300 | F4: Carrefour | G4: 0.14
A5: K300 | B5: Kasa | C5: 700 | F5: TeknoSa | G5: 0.11
A6: C230 | B6: Computer | C6: 1300
A7: K150 | B7: Klavye | C7: 20
E13: Ürün Kodu | F13: Ürün Adı
E14: T100 | F14: =VLOOKUP(A2,A1:C7,2,0) -> TV
E15: D200 | F15: =VLOOKUP(A3,A2:C8,2,0) -> Dolap
E16: M150 | F16: =VLOOKUP(A4,A3:C9,2,0) -> Masa
E17: K300 | F17: =VLOOKUP(A5,A4:C10,2,0) -> Kasa
E18: C230 | F18: =VLOOKUP(A6,A5:C11,2,0) -> Computer
E19: K150 | F19: =VLOOKUP(A7,A6:C12,2,0) -> Klavye

Sheet Sayfa2
A1: Firma Adı | B1: Ürün Kodu | C1: Adeti | D1: Ürün Adı | E1: İskonto | F1: Ürün Fiyatı | G1: Toplam Tutar
A2: Migros | B2: T100 | C2: 20 | D2: =VLOOKUP(B2,Sayfa1!A1:C7,2,0) -> TV | E2: =VLOOKUP(Sayfa2!A2,Sayfa1!F1:G5,2,0) -> 0.08 | F2: =VLOOKUP(Sayfa2!B2,Sayfa1!A1:C7,3,0) -> 550 | G2: =Sayfa2!F2*Sayfa2!C2 -> 11000
A3: Gima | B3: K300 | C3: 15 | D3: =VLOOKUP(B3,Sayfa1!A1:C7,2,0) -> Kasa | E3: =VLOOKUP(A3,Sayfa1!F1:G5,2,0) -> 0.12 | F3: =VLOOKUP(Sayfa2!B3,Sayfa1!A1:C7,3,0) -> 700 | G3: =Sayfa2!F3*Sayfa2!C3 -> 10500
A4: TeknoSa | B4: M150 | C4: 22 | D4: =VLOOKUP(Sayfa2!B4,Sayfa1!A1:C7,2,0) -> Masa | E4: =VLOOKUP(A4,Sayfa1!F1:G5,2,0) -> 0.11 | F4: =VLOOKUP(B4,Sayfa1!A1:C7,3,0) -> 300 | G4: =Sayfa2!F4*Sayfa2!C4 -> 6600
A5: Gima | B5: C230 | C5: 15 | D5: =VLOOKUP(B5,Sayfa1!A1:C7,2,0) -> Computer | E5: =VLOOKUP(A5,Sayfa1!F1:G5,2,0) -> 0.12 | F5: =VLOOKUP(B5,Sayfa1!A2:C7,3,0) -> 1300 | G5: =Sayfa2!F5*Sayfa2!C5 -> 19500
A6: TeknoSa | B6: K300 | C6: 9 | D6: =VLOOKUP(B6,Sayfa1!A1:C7,2,0) -> Kasa | E6: =VLOOKUP(A6,Sayfa1!F1:G5,2,0) -> 0.11 | F6: =VLOOKUP(B6,Sayfa1!A1:C7,3,0) -> 700 | G6: =Sayfa2!F6*Sayfa2!C6 -> 6300
A7: Carrefour | B7: K150 | C7: 22 | D7: =VLOOKUP(Sayfa2!B7,Sayfa1!A1:C7,2,0) -> Klavye | E7: =VLOOKUP(A7,Sayfa1!F1:G5,2,0) -> 0.14 | F7: =VLOOKUP(Sayfa2!B7,Sayfa1!A6:C12,3,0) -> 20 | G7: =Sayfa2!F7*Sayfa2!C7 -> 440
A8: Migros | B8: M150 | C8: 12 | D8: =VLOOKUP(B8,Sayfa1!A1:C7,2,0) -> Masa | E8: =VLOOKUP(A8,Sayfa1!F1:G5,2,0) -> 0.08 | F8: =VLOOKUP(B8,Sayfa1!A1:C7,3,0) -> 300 | G8: =Sayfa2!F8*Sayfa2!C8 -> 3600
A9: Carrefour | B9: C230 | C9: 10 | D9: =VLOOKUP(B9,Sayfa1!A1:C7,2,0) -> Computer | E9: =VLOOKUP(Sayfa2!A9,Sayfa1!F1:G5,2,0) -> 0.14 | F9: =VLOOKUP(B9,Sayfa1!A6:C12,3,0) -> 1300 | G9: =Sayfa2!F9*Sayfa2!C9 -> 13000
A10: Gima | B10: K300 | C10: 15 | D10: =VLOOKUP(B10,Sayfa1!A1:C7,2,0) -> Kasa | E10: =VLOOKUP(A10,Sayfa1!F1:G5,2,0) -> 0.12 | F10: =VLOOKUP(B10,Sayfa1!A1:C7,3,0) -> 700 | G10: =Sayfa2!F10*Sayfa2!C10 -> 10500
A11: TeknoSa | B11: C230 | C11: 22 | D11: =VLOOKUP(B11,Sayfa1!A1:C7,2,0) -> Computer | E11: =VLOOKUP(A11,Sayfa1!F1:G5,2,0) -> 0.11 | F11: =VLOOKUP(B11,Sayfa1!A6:C12,3,0) -> 1300 | G11: =Sayfa2!F11*Sayfa2!C11 -> 28600
